<?xml version="1.0" encoding="UTF-8"?>
<beans xmlns="http://www.springframework.org/schema/beans"
	xmlns:xsi="http://www.w3.org/2001/XMLSchema-instance" 
	xmlns:context="http://www.springframework.org/schema/context"
	xmlns:util="http://www.springframework.org/schema/util"
	xmlns:p="http://www.springframework.org/schema/p"
	xsi:schemaLocation="http://www.springframework.org/schema/beans
     http://www.springframework.org/schema/beans/spring-beans-3.0.xsd
     http://www.springframework.org/schema/context
     http://www.springframework.org/schema/context/spring-context-3.0.xsd
     http://www.springframework.org/schema/util 
     http://www.springframework.org/schema/util/spring-util-3.0.xsd">
      <bean class="org.springframework.web.servlet.view.InternalResourceViewResolver">
     <property name="prefix" value="/WEB-INF/views/"></property>
     <property name="suffix" value=".jsp"></property>
     </bean>
     <context:component-scan base-package="com.capgemini"></context:component-scan>
     <context:property-placeholder location="classpath:jdbc.properties"/>
    
     <bean id="ds" class="org.springframework.jdbc.datasource.DriverManagerDataSource">
     <property name="driverClassName" value="oracle.jdbc.driver.OracleDriver"></property>
     <property name="url" value="jdbc:oracle:thin:@localhost:1521:XE"></property>
     <property name="username" value="vivek"></property>
     <property name="password" value="anand"></property>
     </bean>
     <bean id="jdbctemplate" class="org.springframework.jdbc.core.JdbcTemplate">
     <property name="dataSource" ref="ds"></property>
     </bean>
     
     </beans>