<?xml version="1.0" encoding="UTF-8"?>
<beans xmlns="http://www.springframework.org/schema/beans"
	xmlns:xsi="http://www.w3.org/2001/XMLSchema-instance" xmlns:aop="http://www.springframework.org/schema/aop"
	xsi:schemaLocation="http://www.springframework.org/schema/beans 
	http://www.springframework.org/schema/beans/spring-beans.xsd
	http://www.springframework.org/schema/aop 
	http://www.springframework.org/schema/aop/spring-aop.xsd">
	<aop:aspectj-autoproxy></aop:aspectj-autoproxy>
	<bean id="advice" class="com.capgemini.advices.MyAdvice"></bean>
	
	<bean id="target" class="com.capgemini.Account"></bean>
	
	<!--  <aop:config>
	<aop:aspect ref="advice">
	<aop:pointcut expression="execution(* com.capgemini.Account.*(..))" id="myPointCut"/>
	<aop:before method="validate" pointcut-ref="myPointCut"/>
	<aop:around method="manageTransaction" pointcut="execution(* com.capgemini.Account.*(..))"/>
	<aop:after method="doLoging" pointcut="execution(* com.capgemini.Account.*(..))"/>
	</aop:aspect>
	
	</aop:config>-->
	
</beans>