<?xml version="1.0" encoding="UTF-8"?>
<beans xmlns="http://www.springframework.org/schema/beans"
	xmlns:xsi="http://www.w3.org/2001/XMLSchema-instance" 
	xmlns:context="http://www.springframework.org/schema/context"
	xmlns:util="http://www.springframework.org/schema/util"
	xmlns:p="http://www.springframework.org/schema/p"
	xsi:schemaLocation="http://www.springframework.org/schema/beans
     http://www.springframework.org/schema/beans/spring-beans-3.0.xsd
     http://www.springframework.org/schema/context
     http://www.springframework.org/schema/context/spring-context-3.0.xsd
     http://www.springframework.org/schema/util 
     http://www.springframework.org/schema/util/spring-util-3.0.xsd">
    
    <bean id="placeholderconfig" class="org.springframework.beans.factory.config.PropertyPlaceholderConfigurer">
    <property name="location">
    <value>jdbc.properties</value>
    </property>
    </bean> 
    <bean id="ds" class="org.springframework.jdbc.datasource.DriverManagerDataSource">
    <property name="driverClassName" value="#{database.driver}"></property>
    <property name="url" value="#{database.url}"></property>
    <property name="userName" value="#{database.usernamr}"></property>
    <property name="password" value="#{database.password}"></property>
    </bean>
    <bean id="jdbcTemplate" class="org.springframework.jdbc.JdbcTemplate">
    <property name="datasource"  ref="ds"></property>
    </bean>
    <bean id="empService" class="com.capgemini.EmployeeService">
    <property name="jt" ref=" JdbcTemplate"></property>
    </bean>
    </beans>