<?xml version="1.0" encoding="UTF-8"?>
<beans xmlns="http://www.springframework.org/schema/beans"
    xmlns:xsi="http://www.w3.org/2001/XMLSchema-instance" xmlns:tx="http://www.springframework.org/schema/tx"
    xmlns:mvc="http://www.springframework.org/schema/mvc" xmlns:context="http://www.springframework.org/schema/context"
    xsi:schemaLocation="http://www.springframework.org/schema/beans http://www.springframework.org/schema/beans/spring-beans.xsd
       http://www.springframework.org/schema/tx http://www.springframework.org/schema/tx/spring-tx.xsd
       http://www.springframework.org/schema/mvc http://www.springframework.org/schema/mvc/spring-mvc.xsd
       http://www.springframework.org/schema/context http://www.springframework.org/schema/context/spring-context.xsd">
 
    <!-- Specifying base package of the Components like Controller, Service,
        DAO -->
        
    <context:component-scan base-package="com.cg.controller" />
 
    <mvc:annotation-driven />
 
    <!-- Specifying the Resource location to load JS, CSS, Images etc -->
    <!-- <mvc:resources mapping="/resources/**" location="/resources/" /> -->
 
    <!-- View Resolver -->
    <bean
        class="org.springframework.web.servlet.view.InternalResourceViewResolver">
        <property name="prefix" value="/WEB-INF/views/" />
        <property name="suffix" value=".jsp" />
    </bean>
 
    <!-- DataSource -->
    <bean id="dataSource" class="org.springframework.jdbc.datasource.DriverManagerDataSource">
	<property name="driverClassName" value="oracle.jdbc.driver.OracleDriver"></property>
	<property name="url" value="jdbc:oracle:thin:@localhost:1521:XE"></property>
	<property name="username" value="vivek"></property>
	<property name="password" value="anand"></property>
	</bean>
    <!-- Hibernate SessionFactory -->
<bean class="org.springframework.orm.hibernate4.LocalSessionFactoryBean" id="sessionFactory">
 <property name="dataSource" ref="dataSource"></property>
        <property name="annotatedClasses">
                <list>
                    <value>com.cg.bean.Employee</value>
                </list>
            </property>
        <property name="hibernateProperties">
            <props>
                <prop key="hibernate.dialect">org.hibernate.dialect.Oracle9Dialect</prop>
                <prop key="hibernate.hbm2ddl.auto">update</prop>
                <prop key="hibernate.show_sql">true</prop>
            </props>
        </property>
        <property name="packagesToScan" value="com.cg.bean"></property>
    </bean>
 
    <!-- Transaction -->
    <bean id="transactionManager"
        class="org.springframework.orm.hibernate4.HibernateTransactionManager">
        <property name="sessionFactory" ref="sessionFactory" />
    </bean>
 
    <tx:annotation-driven transaction-manager="transactionManager" />
</beans>