<?xml version="1.0" encoding="UTF-8"?>
<beans xmlns="http://www.springframework.org/schema/beans"
	xmlns:xsi="http://www.w3.org/2001/XMLSchema-instance" 
	xmlns:context="http://www.springframework.org/schema/context"
	xmlns:util="http://www.springframework.org/schema/util"
	xmlns:p="http://www.springframework.org/schema/p"
	xsi:schemaLocation="http://www.springframework.org/schema/beans
     http://www.springframework.org/schema/beans/spring-beans-3.0.xsd
     http://www.springframework.org/schema/context
     http://www.springframework.org/schema/context/spring-context-3.0.xsd
     http://www.springframework.org/schema/util 
     http://www.springframework.org/schema/util/spring-util-3.0.xsd">
     
     
     <bean id="emp" class="com.capgemini.employee.EmployeeDetails">
     <property name="employeeId" value="1234"></property>
     <property name="employeeName" value="Vivek"></property>
     <property name="empSal" value="123456"></property>
     <property name="bu" value="AppsTwo"></property>
     <property name="age" value="26"></property>
     </bean>
     
     </beans>