<?xml version="1.0" encoding="UTF-8"?>
<beans xmlns="http://www.springframework.org/schema/beans"
    xmlns:xsi="http://www.w3.org/2001/XMLSchema-instance"
    xmlns:tx="http://www.springframework.org/schema/tx"
    xmlns:context="http://www.springframework.org/schema/context"
    xsi:schemaLocation="http://www.springframework.org/schema/beans
        http://www.springframework.org/schema/beans/spring-beans.xsd
        http://www.springframework.org/schema/tx 
        http://www.springframework.org/schema/tx/spring-tx.xsd
        http://www.springframework.org/schema/context 
        http://www.springframework.org/schema/context/spring-context.xsd">
 
	<!-- declare mvc to be annotation driven -->
 
	<!-- provide Your Base package to scan annotations for components -->
	<context:component-scan base-package="com.cg" />
 
	<!-- Configuration for View page resolver.here we are using jsp pages -->
	<bean id="viewResolver"
		class="org.springframework.web.servlet.view.InternalResourceViewResolver">
		<property name="viewClass">
			<value>org.springframework.web.servlet.view.JstlView</value>
		</property>
		<property name="prefix">
			<value>/</value>
		</property>
		<property name="suffix">
			<value>.jsp</value>
		</property>
	</bean>
 
	<bean id="combatService" class="com.cg.service.EmpService" />
 
	<!-- DataSource configuration of database -->
	<bean id="ds" class="org.springframework.jdbc.datasource.DriverManagerDataSource">
	<property name="driverClassName" value="oracle.jdbc.driver.OracleDriver"></property>
	<property name="url" value="jdbc:oracle:thin:@localhost:1521:XE"></property>
	<property name="username" value="vivek"></property>
	<property name="password" value="anand"></property>
	</bean>
	<bean id="jdbctemplate" class="org.springframework.jdbc.core.JdbcTemplate">  
	<property name="dataSource" ref="ds"></property>  
	</bean> 
	<bean id="transactionManager" class="org.springframework.jdbc.datasource.DataSourceTransactionManager">
	    <property name="dataSource" ref="ds" />
	</bean>
	<tx:annotation-driven transaction-manager="transactionManager" />
	<bean id="empdao" class="com.cg.dao.EmpDao">
	<property name="jdbcTemplate" ref="jdbctemplate"></property>
	</bean>
</beans>