<?xml version="1.0" encoding="UTF-8"?>
<beans xmlns="http://www.springframework.org/schema/beans"
	xmlns:xsi="http://www.w3.org/2001/XMLSchema-instance" 
	xmlns:context="http://www.springframework.org/schema/context"
	xmlns:util="http://www.springframework.org/schema/util"
	xmlns:p="http://www.springframework.org/schema/p"
	xsi:schemaLocation="http://www.springframework.org/schema/beans
     http://www.springframework.org/schema/beans/spring-beans-3.0.xsd
     http://www.springframework.org/schema/context
     http://www.springframework.org/schema/context/spring-context-3.0.xsd
     http://www.springframework.org/schema/util 
     http://www.springframework.org/schema/util/spring-util-3.0.xsd">

<bean id="emp" class="com.capgemini.Employee">
<property name="empId" value="#{100*200}"></property>
<property name="empName" value="#{per.pName}"></property>
<property name="empSal" value="#{12345}"></property>
</bean>


<bean id="per" class="com.capgemini.Person">
<property name="pid" value="1234"></property>
<property name="pName" value="Anand"></property>
<property name="page" value="55"></property>
</bean>

<bean id="city1" class="com.capgemini.City">
<property name="cityName" value="Pune"></property>
<property name="cityState" value="Maharashtra"></property>
<property name="cityPopulation" value="55000000"></property>
</bean>
<bean id="city2" class="com.capgemini.City">
<property name="cityName" value="Nagpur"></property>
<property name="cityState" value="Maharashtra"></property>
<property name="cityPopulation" value="554000000"></property>
</bean>
<bean id="city3" class="com.capgemini.City">
<property name="cityName" value="Bangalore"></property>
<property name="cityState" value="karnatka"></property>
<property name="cityPopulation" value="75000000"></property>
</bean>
<bean id="cl" class="com.capgemini.CityList">
<property name="cityList">
<list>
<value>#{city1}</value>
<value>#{city2}</value>
<value>#{city3}</value>
</list>
</property>
</bean>
<bean id="placeholderconfig" class="org.springframework.beans.factory.config.PropertyPlaceholderConfigurer">
<property name="location">
<value>user.properties</value>
</property>

</bean>
<bean id="user1" class="com.capgemin.spel.User">
<property name="userName">
<value>${Username}</value>
</property>
<property name="passWord">
<value>${Password}</value>
</property>
</bean>
  </beans>   