<?xml version="1.0" encoding="UTF-8"?>
<beans xmlns="http://www.springframework.org/schema/beans"
	xmlns:context="http://www.springframework.org/schema/context"
	xmlns:mvc="http://www.springframework.org/schema/mvc" xmlns:xsi="http://www.w3.org/2001/XMLSchema-instance"
	xsi:schemaLocation="http://www.springframework.org/schema/beans       
						http://www.springframework.org/schema/beans/spring-beans-3.0.xsd       
						http://www.springframework.org/schema/context       
						http://www.springframework.org/schema/context/spring-context-3.0.xsd       
						http://www.springframework.org/schema/mvc       
						http://www.springframework.org/schema/mvc/spring-mvc-3.0.xsd">
 
	<!-- declare mvc to be annotation driven -->
	<mvc:annotation-driven />
	<context:annotation-config />
 
	<!-- provide Your Base package to scan annotations for components -->
	<context:component-scan base-package="com.cg" />
 
	<!-- Configuration for View page resolver.here we are using jsp pages -->
	<bean id="viewResolver"
		class="org.springframework.web.servlet.view.InternalResourceViewResolver">
		<property name="viewClass">
			<value>org.springframework.web.servlet.view.JstlView</value>
		</property>
		<property name="prefix">
			<value>/</value>
		</property>
		<property name="suffix">
			<value>.jsp</value>
		</property>
	</bean>
 
	<bean id="combatService" class="com.cg.service.CombatService" />
	<bean id="combatDAO" class="com.cg.dao.CombatDAO" />
 
	<!-- DataSource configuration of database -->
	<bean id="ds" class="org.springframework.jdbc.datasource.DriverManagerDataSource">
	<property name="driverClassName" value="oracle.jdbc.driver.OracleDriver"></property>
	<property name="url" value="jdbc:oracle:thin:@localhost:1521:XE"></property>
	<property name="username" value="vivek"></property>
	<property name="password" value="anand"></property>
	</bean>
</beans>