<?xml version="1.0" encoding="UTF-8"?>
<beans xmlns="http://www.springframework.org/schema/beans"
xmlns:xsi="http://www.w3.org/2001/XMLSchema-instance"
xmlns:context="http://www.springframework.org/schema/context"
xmlns:mvc="http://www.springframework.org/schema/mvc"
xsi:schemaLocation="http://www.springframework.org/schema/beans
http://www.springframework.org/schema/beans/spring-beans.xsd
http://www.springframework.org/schema/context
http://www.springframework.org/schema/context/spring-context.xsd http://www.springframework.org/schema/mvc http://www.springframework.org/schema/mvc/spring-mvc.xsd">

 <context:component-scan base-package="com.fundsbank"></context:component-scan>
 <mvc:annotation-driven />
 <context:annotation-config></context:annotation-config>
 <context:property-placeholder location="classpath:jdbc.properties"/>
 
<bean class="org.springframework.web.servlet.view.InternalResourceViewResolver">
<property name="prefix" value="/WEB-INF/views/"></property>
<property name="suffix" value=".jsp"></property>
</bean>


<bean id="ds" class="org.springframework.jdbc.datasource.DriverManagerDataSource">
	<property name="driverClassName" value="${database.drivername}"></property>
	<property name="url" value="${database.url}"></property>
	<property name="username" value="${database.username}"></property>
	<property name="password" value="${database.password}"></property>
</bean>
<bean id="jt" class="org.springframework.jdbc.core.JdbcTemplate">
<property name="dataSource" ref="ds"></property>
</bean>

</beans>
