<?xml version="1.0" encoding="UTF-8"?>
<beans xmlns="http://www.springframework.org/schema/beans"
	xmlns:xsi="http://www.w3.org/2001/XMLSchema-instance" 
	xmlns:context="http://www.springframework.org/schema/context"
	xmlns:util="http://www.springframework.org/schema/util"
	xmlns:p="http://www.springframework.org/schema/p"
	xsi:schemaLocation="http://www.springframework.org/schema/beans
     http://www.springframework.org/schema/beans/spring-beans-3.0.xsd
     http://www.springframework.org/schema/context
     http://www.springframework.org/schema/context/spring-context-3.0.xsd
     http://www.springframework.org/schema/util 
     http://www.springframework.org/schema/util/spring-util-3.0.xsd">
     
     <util:list id="emplist">
     <bean class="com.capgemini.employee.Employee" p:id="2123" p:name="Rajesh" p:salary="123456"></bean>
     <bean class="com.capgemini.employee.Employee" p:id="2124" p:name="Rakesh" p:salary="113456"></bean>
     <bean class="com.capgemini.employee.Employee" p:id="2125" p:name="Rajesh" p:salary="123446"></bean>
     </util:list>
     
     <bean id="sbu" class="com.capgemini.sbu.Sbu">
     <property name="sbuCode" value="4321"></property>
     <property name="sbuName" value="AppsTwo"></property>
     <property name="sbuHead" value="Pratik"></property>
     <property name="empList" ref="emplist"></property>
     
     </bean>
     
     
     
     
     <!--  <bean id="emp" class="com.capgemini.employee.Employee">
     <property name="id" value="1231"></property>
     <property name="name" value="Rajesh"></property>
     <property name="salary" value="123456"></property>
     </bean>-->
     
     
     
     
     
     
     
     
     
     </beans>