<?xml version="1.0" encoding="UTF-8"?><!-- This file was auto-generated from WSDL --><!-- by the Apache Axis2 version: 1.4.1  Built on : Aug 13, 2008 (05:03:35 LKT) --><serviceGroup>
    <service name="CalculatorImpService">
        <messageReceivers>
            <messageReceiver mep="http://www.w3.org/ns/wsdl/in-out" class="com.capgemini.CalculatorImpServiceMessageReceiverInOut"/>
        </messageReceivers>
        <parameter name="ServiceClass">com.capgemini.CalculatorImpServiceSkeleton</parameter>
        <parameter name="useOriginalwsdl">true</parameter>
        <parameter name="modifyUserWSDLPortAddress">true</parameter>
        <operation name="sum" mep="http://www.w3.org/ns/wsdl/in-out" namespace="http://capgemini.com/">
            <actionMapping>\"\"</actionMapping>
            <outputActionMapping>http://capgemini.com/Calculator/sumResponse</outputActionMapping>
        </operation>
    </service>
</serviceGroup>
