<?xml version="1.0" encoding="UTF-8"?>
<beans xmlns="http://www.springframework.org/schema/beans"
	xmlns:xsi="http://www.w3.org/2001/XMLSchema-instance" 
	xmlns:context="http://www.springframework.org/schema/context"
	xmlns:util="http://www.springframework.org/schema/util"
	xmlns:p="http://www.springframework.org/schema/p"
	xsi:schemaLocation="http://www.springframework.org/schema/beans
     http://www.springframework.org/schema/beans/spring-beans-3.0.xsd
     http://www.springframework.org/schema/context
     http://www.springframework.org/schema/context/spring-context-3.0.xsd
     http://www.springframework.org/schema/util 
     http://www.springframework.org/schema/util/spring-util-3.0.xsd">
    
    <bean id="placeholderconfig" class="org.springframework.beans.factory.config.PropertyPlaceholderConfigurer">
    <property name="location">
    <value>classpath:jdbc.properties</value>
    </property>
    </bean> 
    <bean id="ds" class="org.springframework.jdbc.datasource.DriverManagerDataSource">
    <property name="driverClassName" value="oracle.jdbc.driver.OracleDriver"></property>
    <property name="url" value="jdbc:oracle:thin:@localhost:1521:XE"></property>
    <property name="username" value="vivek"></property>
    <property name="password" value="anand"></property>
    </bean>
    <bean id="jdbcTemplate" class="org.springframework.jdbc.core.JdbcTemplate">
    <property name="dataSource"  ref="ds"></property>
    </bean>
    <bean id="empService" class="com.capgemini.employee.service.EmployeeServiceImp">
    <property name="jt" ref="jdbcTemplate"></property>
    </bean>
    </beans>